FECHA;TIPO DE CAMBIO(por unidad)
30/1/2009;3.488
2/2/2009;3.491
3/2/2009;3.5
4/2/2009;3.487
5/2/2009;3.486
6/2/2009;3.486
9/2/2009;3.487
10/2/2009;3.484
11/2/2009;3.49
12/2/2009;3.491
13/2/2009;3.496
16/2/2009;3.497
17/2/2009;3.504
18/2/2009;3.51
19/2/2009;3.534
20/2/2009;3.538
23/2/2009;3.548
24/2/2009;3.554
25/2/2009;3.555
26/2/2009;3.558
27/2/2009;3.567
2/3/2009;3.601
3/3/2009;3.611
4/3/2009;3.618
5/3/2009;3.622
6/3/2009;3.631
9/3/2009;3.637
10/3/2009;3.637
11/3/2009;3.642
12/3/2009;3.646
13/3/2009;3.65
16/3/2009;3.643
17/3/2009;3.648
18/3/2009;3.656
19/3/2009;3.649
20/3/2009;3.657
23/3/2009;3.689
25/3/2009;3.688
26/3/2009;3.694
27/3/2009;3.716
30/3/2009;3.717
31/3/2009;3.72
1/4/2009;3.712
3/4/2009;3.694
6/4/2009;3.674
7/4/2009;3.674
8/4/2009;3.677
13/4/2009;3.68
14/4/2009;3.678
15/4/2009;3.677
16/4/2009;3.679
17/4/2009;3.684
20/4/2009;3.689
21/4/2009;3.692
22/4/2009;3.696
23/4/2009;3.697
24/4/2009;3.697
27/4/2009;3.704
28/4/2009;3.716
29/4/2009;3.721
30/4/2009;3.714
4/5/2009;3.695
5/5/2009;3.699
6/5/2009;3.711
7/5/2009;3.721
8/5/2009;3.721
11/5/2009;3.72
12/5/2009;3.721
13/5/2009;3.725
14/5/2009;3.727
15/5/2009;3.728
18/5/2009;3.727
19/5/2009;3.728
20/5/2009;3.732
21/5/2009;3.736
22/5/2009;3.737
26/5/2009;3.739
27/5/2009;3.737
28/5/2009;3.744
29/5/2009;3.749
1/6/2009;3.745
2/6/2009;3.743
3/6/2009;3.744
4/6/2009;3.743
5/6/2009;3.757
8/6/2009;3.759
9/6/2009;3.76
10/6/2009;3.76
11/6/2009;3.76
12/6/2009;3.764
16/6/2009;3.766
17/6/2009;3.767
18/6/2009;3.768
19/6/2009;3.775
22/6/2009;3.781
23/6/2009;3.793
24/6/2009;3.792
25/6/2009;3.795
26/6/2009;3.798
29/6/2009;3.79
30/6/2009;3.797
1/7/2009;3.799
2/7/2009;3.801
3/7/2009;3.803
6/7/2009;3.803
7/7/2009;3.805
8/7/2009;3.808
13/7/2009;3.808
14/7/2009;3.806
15/7/2009;3.807
16/7/2009;3.807
17/7/2009;3.808
20/7/2009;3.808
21/7/2009;3.808
22/7/2009;3.808
23/7/2009;3.808
24/7/2009;3.809
27/7/2009;3.81
28/7/2009;3.815
29/7/2009;3.824
30/7/2009;3.829
31/7/2009;3.83
3/8/2009;3.826
4/8/2009;3.823
5/8/2009;3.825
6/8/2009;3.826
7/8/2009;3.827
10/8/2009;3.829
11/8/2009;3.831
12/8/2009;3.834
13/8/2009;3.837
14/8/2009;3.84
18/8/2009;3.846
19/8/2009;3.848
20/8/2009;3.849
21/8/2009;3.849
24/8/2009;3.85
25/8/2009;3.85
26/8/2009;3.848
27/8/2009;3.848
28/8/2009;3.85
31/8/2009;3.851
1/9/2009;3.845
2/9/2009;3.846
3/9/2009;3.846
4/9/2009;3.847
7/9/2009;3.849
8/9/2009;3.851
9/9/2009;3.854
10/9/2009;3.853
11/9/2009;3.854
14/9/2009;3.842
15/9/2009;3.831
16/9/2009;3.828
17/9/2009;3.832
18/9/2009;3.839
21/9/2009;3.836
22/9/2009;3.837
23/9/2009;3.837
24/9/2009;3.837
25/9/2009;3.838
28/9/2009;3.841
29/9/2009;3.843
30/9/2009;3.843
1/10/2009;3.844
2/10/2009;3.844
5/10/2009;3.84
6/10/2009;3.834
7/10/2009;3.834
8/10/2009;3.833
9/10/2009;3.829
13/10/2009;3.825
14/10/2009;3.822
15/10/2009;3.819
16/10/2009;3.821
19/10/2009;3.822
20/10/2009;3.821
21/10/2009;3.821
22/10/2009;3.822
23/10/2009;3.82
26/10/2009;3.82
27/10/2009;3.82
28/10/2009;3.82
29/10/2009;3.82
30/10/2009;3.819
2/11/2009;3.819
3/11/2009;3.818
4/11/2009;3.818
5/11/2009;3.817
9/11/2009;3.816
10/11/2009;3.815
11/11/2009;3.813
12/11/2009;3.814
13/11/2009;3.814
16/11/2009;3.815
17/11/2009;3.814
18/11/2009;3.81
19/11/2009;3.803
20/11/2009;3.8
23/11/2009;3.799
24/11/2009;3.802
25/11/2009;3.803
26/11/2009;3.806
27/11/2009;3.809
30/11/2009;3.811
1/12/2009;3.812
2/12/2009;3.811
3/12/2009;3.809
4/12/2009;3.807
7/12/2009;3.804
9/12/2009;3.799
10/12/2009;3.801
11/12/2009;3.803
14/12/2009;3.811
15/12/2009;3.811
16/12/2009;3.81
17/12/2009;3.82
18/12/2009;3.813
21/12/2009;3.808
22/12/2009;3.8
23/12/2009;3.795
24/12/2009;3.792
28/12/2009;3.799
29/12/2009;3.827
30/12/2009;3.8
31/12/2009;3.8
4/1/2010;3.798
5/1/2010;3.799
6/1/2010;3.81
7/1/2010;3.795
8/1/2010;3.798
11/1/2010;3.794
12/1/2010;3.794
13/1/2010;3.797
14/1/2010;3.797
15/1/2010;3.797
18/1/2010;3.799
19/1/2010;3.801
20/1/2010;3.804
21/1/2010;3.808
22/1/2010;3.807
25/1/2010;3.806
26/1/2010;3.814
27/1/2010;3.814
28/1/2010;3.819
29/1/2010;3.835
1/2/2010;3.836
2/2/2010;3.832
3/2/2010;3.834
4/2/2010;3.841
5/2/2010;3.84
8/2/2010;3.841
9/2/2010;3.843
10/2/2010;3.847
11/2/2010;3.85
12/2/2010;3.854
15/2/2010;3.86
16/2/2010;3.857
17/2/2010;3.856
18/2/2010;3.858
19/2/2010;3.858
22/2/2010;3.863
23/2/2010;3.86
24/2/2010;3.86
25/2/2010;3.859
26/2/2010;3.859
1/3/2010;3.857
2/3/2010;3.855
3/3/2010;3.855
4/3/2010;3.856
5/3/2010;3.859
8/3/2010;3.859
9/3/2010;3.862
10/3/2010;3.858
11/3/2010;3.859
12/3/2010;3.86
15/3/2010;3.863
16/3/2010;3.862
17/3/2010;3.862
18/3/2010;3.862
19/3/2010;3.864
22/3/2010;3.864
23/3/2010;3.865
25/3/2010;3.867
26/3/2010;3.867
29/3/2010;3.873
30/3/2010;3.875
31/3/2010;3.878
5/4/2010;3.879
6/4/2010;3.88
7/4/2010;3.876
8/4/2010;3.876
9/4/2010;3.876
12/4/2010;3.878
13/4/2010;3.879
14/4/2010;3.876
15/4/2010;3.872
16/4/2010;3.869
19/4/2010;3.87
20/4/2010;3.871
21/4/2010;3.871
22/4/2010;3.871
23/4/2010;3.872
26/4/2010;3.873
27/4/2010;3.878
28/4/2010;3.881
29/4/2010;3.883
30/4/2010;3.888
3/5/2010;3.888
4/5/2010;3.895
5/5/2010;3.895
6/5/2010;3.895
7/5/2010;3.895
10/5/2010;3.895
11/5/2010;3.896
12/5/2010;3.895
13/5/2010;3.895
14/5/2010;3.897
17/5/2010;3.903
18/5/2010;3.909
19/5/2010;3.906
20/5/2010;3.905
21/5/2010;3.906
26/5/2010;3.911
27/5/2010;3.912
28/5/2010;3.92
31/5/2010;3.929
1/6/2010;3.93
2/6/2010;3.925
3/6/2010;3.92
4/6/2010;3.924
7/6/2010;3.922
8/6/2010;3.916
9/6/2010;3.917
10/6/2010;3.919
11/6/2010;3.923
14/6/2010;3.926
15/6/2010;3.926
16/6/2010;3.926
17/6/2010;3.926
18/6/2010;3.926
22/6/2010;3.929
23/6/2010;3.927
24/6/2010;3.93
25/6/2010;3.932
28/6/2010;3.933
29/6/2010;3.932
30/6/2010;3.931
1/7/2010;3.933
2/7/2010;3.934
5/7/2010;3.935
6/7/2010;3.935
7/7/2010;3.936
8/7/2010;3.937
12/7/2010;3.936
13/7/2010;3.934
14/7/2010;3.934
15/7/2010;3.935
16/7/2010;3.934
19/7/2010;3.935
20/7/2010;3.934
21/7/2010;3.934
22/7/2010;3.932
23/7/2010;3.931
26/7/2010;3.932
27/7/2010;3.933
28/7/2010;3.935
29/7/2010;3.937
30/7/2010;3.94
2/8/2010;3.938
3/8/2010;3.934
4/8/2010;3.933
5/8/2010;3.933
6/8/2010;3.932
9/8/2010;3.932
10/8/2010;3.933
11/8/2010;3.934
12/8/2010;3.933
13/8/2010;3.933
17/8/2010;3.934
18/8/2010;3.936
19/8/2010;3.937
20/8/2010;3.938
23/8/2010;3.939
24/8/2010;3.942
25/8/2010;3.945
26/8/2010;3.944
27/8/2010;3.944
30/8/2010;3.95
31/8/2010;3.95
1/9/2010;3.95
2/9/2010;3.947
3/9/2010;3.945
6/9/2010;3.944
7/9/2010;3.947
8/9/2010;3.946
9/9/2010;3.945
10/9/2010;3.945
13/9/2010;3.948
14/9/2010;3.949
15/9/2010;3.95
16/9/2010;3.949
17/9/2010;3.951
20/9/2010;3.95
21/9/2010;3.951
22/9/2010;3.952
23/9/2010;3.953
24/9/2010;3.96
27/9/2010;3.971
28/9/2010;3.973
29/9/2010;3.964
30/9/2010;3.96
1/10/2010;3.961
4/10/2010;3.96
5/10/2010;3.958
6/10/2010;3.96
7/10/2010;3.958
8/10/2010;3.956
12/10/2010;3.955
13/10/2010;3.952
14/10/2010;3.948
15/10/2010;3.955
18/10/2010;3.954
19/10/2010;3.957
20/10/2010;3.958
21/10/2010;3.958
22/10/2010;3.956
25/10/2010;3.955
26/10/2010;3.958
28/10/2010;3.957
29/10/2010;3.957
1/11/2010;3.959
2/11/2010;3.958
3/11/2010;3.957
4/11/2010;3.959
5/11/2010;3.958
8/11/2010;3.963
9/11/2010;3.962
10/11/2010;3.961
11/11/2010;3.962
12/11/2010;3.965
15/11/2010;3.97
16/11/2010;3.973
17/11/2010;3.973
18/11/2010;3.973
19/11/2010;3.973
23/11/2010;3.973
24/11/2010;3.973
25/11/2010;3.975
26/11/2010;3.98
29/11/2010;3.985
30/11/2010;3.988
1/12/2010;3.983
2/12/2010;3.98
3/12/2010;3.978
6/12/2010;3.978
7/12/2010;3.978
9/12/2010;3.977
10/12/2010;3.975
13/12/2010;3.973
14/12/2010;3.974
15/12/2010;3.974
16/12/2010;3.975
17/12/2010;3.974
20/12/2010;3.974
21/12/2010;3.973
22/12/2010;3.972
23/12/2010;3.978
27/12/2010;3.984
28/12/2010;3.981
29/12/2010;3.978
30/12/2010;3.976
31/12/2010;3.976
3/1/2011;3.973
4/1/2011;3.973
5/1/2011;3.972
6/1/2011;3.972
7/1/2011;3.978
10/1/2011;3.978
11/1/2011;3.978
12/1/2011;3.976
13/1/2011;3.976
14/1/2011;3.978
17/1/2011;3.979
18/1/2011;3.983
19/1/2011;3.983
20/1/2011;3.983
21/1/2011;3.983
24/1/2011;3.985
25/1/2011;3.99
26/1/2011;3.99
27/1/2011;3.995
28/1/2011;4.001
31/1/2011;4.008
1/2/2011;4.009
2/2/2011;4.017
3/2/2011;4.015
4/2/2011;4.017
7/2/2011;4.019
8/2/2011;4.017
9/2/2011;4.017
10/2/2011;4.02
11/2/2011;4.022
14/2/2011;4.023
15/2/2011;4.025
16/2/2011;4.023
17/2/2011;4.024
18/2/2011;4.025
21/2/2011;4.028
22/2/2011;4.028
23/2/2011;4.029
24/2/2011;4.028
25/2/2011;4.029
28/2/2011;4.03
1/3/2011;4.031
2/3/2011;4.03
3/3/2011;4.029
4/3/2011;4.03
9/3/2011;4.033
10/3/2011;4.031
11/3/2011;4.028
14/3/2011;4.029
15/3/2011;4.034
16/3/2011;4.038
17/3/2011;4.039
18/3/2011;4.039
21/3/2011;4.041
22/3/2011;4.042
23/3/2011;4.042
28/3/2011;4.044
29/3/2011;4.047
30/3/2011;4.05
31/3/2011;4.054
1/4/2011;4.054
4/4/2011;4.052
5/4/2011;4.054
6/4/2011;4.054
7/4/2011;4.053
8/4/2011;4.05
11/4/2011;4.05
12/4/2011;4.055
13/4/2011;4.058
14/4/2011;4.067
15/4/2011;4.07
18/4/2011;4.074
19/4/2011;4.076
20/4/2011;4.079
25/4/2011;4.082
26/4/2011;4.082
27/4/2011;4.085
28/4/2011;4.08
29/4/2011;4.08
2/5/2011;4.079
3/5/2011;4.078
4/5/2011;4.079
5/5/2011;4.08
6/5/2011;4.081
9/5/2011;4.082
10/5/2011;4.082
11/5/2011;4.083
12/5/2011;4.082
13/5/2011;4.083
16/5/2011;4.084
17/5/2011;4.085
18/5/2011;4.086
19/5/2011;4.087
20/5/2011;4.086
23/5/2011;4.087
24/5/2011;4.086
26/5/2011;4.086
27/5/2011;4.086
30/5/2011;4.088
31/5/2011;4.09
1/6/2011;4.089
2/6/2011;4.09
3/6/2011;4.09
6/6/2011;4.092
7/6/2011;4.092
8/6/2011;4.092
9/6/2011;4.093
10/6/2011;4.092
13/6/2011;4.092
14/6/2011;4.093
15/6/2011;4.094
16/6/2011;4.094
17/6/2011;4.095
21/6/2011;4.098
22/6/2011;4.099
23/6/2011;4.099
24/6/2011;4.1
27/6/2011;4.102
28/6/2011;4.104
29/6/2011;4.11
30/6/2011;4.11
1/7/2011;4.11
4/7/2011;4.115
5/7/2011;4.116
6/7/2011;4.118
7/7/2011;4.121
8/7/2011;4.121
11/7/2011;4.122
12/7/2011;4.122
13/7/2011;4.122
14/7/2011;4.122
15/7/2011;4.122
18/7/2011;4.128
19/7/2011;4.136
20/7/2011;4.136
21/7/2011;4.139
22/7/2011;4.139
25/7/2011;4.135
26/7/2011;4.137
27/7/2011;4.138
28/7/2011;4.142
29/7/2011;4.145
1/8/2011;4.147
2/8/2011;4.148
3/8/2011;4.151
4/8/2011;4.153
5/8/2011;4.156
8/8/2011;4.154
9/8/2011;4.157
10/8/2011;4.157
11/8/2011;4.159
12/8/2011;4.158
15/8/2011;4.161
16/8/2011;4.163
17/8/2011;4.167
18/8/2011;4.173
19/8/2011;4.178
23/8/2011;4.184
24/8/2011;4.186
25/8/2011;4.185
26/8/2011;4.184
29/8/2011;4.188
30/8/2011;4.195
31/8/2011;4.2
1/9/2011;4.224
2/9/2011;4.202
5/9/2011;4.208
6/9/2011;4.208
7/9/2011;4.207
8/9/2011;4.202
9/9/2011;4.203
12/9/2011;4.204
13/9/2011;4.204
14/9/2011;4.204
15/9/2011;4.205
16/9/2011;4.205
19/9/2011;4.205
20/9/2011;4.19
21/9/2011;4.189
22/9/2011;4.2
23/9/2011;4.205
26/9/2011;4.205
27/9/2011;4.205
28/9/2011;4.205
29/9/2011;4.205
30/9/2011;4.205
3/10/2011;4.205
4/10/2011;4.205
5/10/2011;4.207
6/10/2011;4.21
7/10/2011;4.21
11/10/2011;4.211
12/10/2011;4.211
13/10/2011;4.213
14/10/2011;4.216
17/10/2011;4.21
18/10/2011;4.225
19/10/2011;4.235
20/10/2011;4.235
21/10/2011;4.235
24/10/2011;4.236
25/10/2011;4.236
26/10/2011;4.236
27/10/2011;4.236
28/10/2011;4.236
31/10/2011;4.236
1/11/2011;4.241
2/11/2011;4.25
3/11/2011;4.25
4/11/2011;4.256
7/11/2011;4.26
8/11/2011;4.26
9/11/2011;4.26
10/11/2011;4.263
11/11/2011;4.272
14/11/2011;4.275
15/11/2011;4.263
16/11/2011;4.257
17/11/2011;4.256
18/11/2011;4.257
21/11/2011;4.258
22/11/2011;4.259
23/11/2011;4.259
24/11/2011;4.263
25/11/2011;4.263
29/11/2011;4.275
30/11/2011;4.281
1/12/2011;4.282
2/12/2011;4.283
5/12/2011;4.286
6/12/2011;4.278
7/12/2011;4.278
12/12/2011;4.279
13/12/2011;4.279
14/12/2011;4.281
15/12/2011;4.284
16/12/2011;4.29
19/12/2011;4.29
20/12/2011;4.292
21/12/2011;4.292
22/12/2011;4.292
23/12/2011;4.292
27/12/2011;4.298
28/12/2011;4.298
29/12/2011;4.303
30/12/2011;4.304
3/1/2012;4.304
4/1/2012;4.306
5/1/2012;4.311
6/1/2012;4.317
9/1/2012;4.314
10/1/2012;4.313
11/1/2012;4.312
12/1/2012;4.312
13/1/2012;4.312
16/1/2012;4.317
17/1/2012;4.318
18/1/2012;4.32
19/1/2012;4.321
20/1/2012;4.323
23/1/2012;4.328
24/1/2012;4.334
25/1/2012;4.338
26/1/2012;4.336
27/1/2012;4.335
30/1/2012;4.335
31/1/2012;4.337
1/2/2012;4.334
2/2/2012;4.333
3/2/2012;4.333
6/2/2012;4.333
7/2/2012;4.338
8/2/2012;4.342
9/2/2012;4.346
10/2/2012;4.345
13/2/2012;4.346
14/2/2012;4.349
15/2/2012;4.351
16/2/2012;4.353
17/2/2012;4.354
22/2/2012;4.354
23/2/2012;4.354
24/2/2012;4.355
28/2/2012;4.356
29/2/2012;4.357
1/3/2012;4.346
2/3/2012;4.335
5/3/2012;4.335
6/3/2012;4.336
7/3/2012;4.337
8/3/2012;4.339
9/3/2012;4.343
12/3/2012;4.348
13/3/2012;4.353
14/3/2012;4.357
15/3/2012;4.352
16/3/2012;4.36
19/3/2012;4.363
20/3/2012;4.365
21/3/2012;4.367
22/3/2012;4.366
23/3/2012;4.369
26/3/2012;4.372
27/3/2012;4.373
28/3/2012;4.374
29/3/2012;4.377
30/3/2012;4.379
3/4/2012;4.382
4/4/2012;4.388
9/4/2012;4.384
10/4/2012;4.384
11/4/2012;4.39
12/4/2012;4.395
13/4/2012;4.394
16/4/2012;4.394
17/4/2012;4.397
18/4/2012;4.402
19/4/2012;4.404
20/4/2012;4.406
23/4/2012;4.406
24/4/2012;4.411
25/4/2012;4.414
26/4/2012;4.414
27/4/2012;4.417
2/5/2012;4.426
3/5/2012;4.428
4/5/2012;4.428
7/5/2012;4.437
8/5/2012;4.438
9/5/2012;4.44
10/5/2012;4.439
11/5/2012;4.44
14/5/2012;4.443
15/5/2012;4.442
16/5/2012;4.447
17/5/2012;4.451
18/5/2012;4.459
21/5/2012;4.465
22/5/2012;4.468
23/5/2012;4.469
24/5/2012;4.47
28/5/2012;4.474
29/5/2012;4.47
30/5/2012;4.471
31/5/2012;4.471
1/6/2012;4.471
4/6/2012;4.474
5/6/2012;4.484
6/6/2012;4.496
7/6/2012;4.484
8/6/2012;4.486
11/6/2012;4.49
12/6/2012;4.49
13/6/2012;4.492
14/6/2012;4.495
15/6/2012;4.496
16/6/2012;4.611
18/6/2012;4.5
19/6/2012;4.503
21/6/2012;4.508
22/6/2012;4.512
25/6/2012;4.514
26/6/2012;4.517
27/6/2012;4.518
28/6/2012;4.523
29/6/2012;4.527
2/7/2012;4.525
3/7/2012;4.525
4/7/2012;4.527
5/7/2012;4.53
6/7/2012;4.535
10/7/2012;4.538
11/7/2012;4.541
12/7/2012;4.546
13/7/2012;4.547
16/7/2012;4.547
17/7/2012;4.552
18/7/2012;4.557
19/7/2012;4.56
20/7/2012;4.564
23/7/2012;4.571
24/7/2012;4.573
25/7/2012;4.57
26/7/2012;4.574
27/7/2012;4.58
30/7/2012;4.58
31/7/2012;4.585
1/8/2012;4.587
2/8/2012;4.586
3/8/2012;4.589
6/8/2012;4.592
7/8/2012;4.595
8/8/2012;4.598
9/8/2012;4.6
10/8/2012;4.601
13/8/2012;4.605
14/8/2012;4.606
15/8/2012;4.608
16/8/2012;4.611
17/8/2012;4.616
21/8/2012;4.618
22/8/2012;4.616
23/8/2012;4.617
24/8/2012;4.625
27/8/2012;4.629
28/8/2012;4.629
29/8/2012;4.629
30/8/2012;4.633
31/8/2012;4.638
3/9/2012;4.643
4/9/2012;4.649
5/9/2012;4.652
6/9/2012;4.655
7/9/2012;4.661
10/9/2012;4.661
11/9/2012;4.66
12/9/2012;4.661
13/9/2012;4.665
14/9/2012;4.671
17/9/2012;4.674
18/9/2012;4.677
19/9/2012;4.681
20/9/2012;4.681
21/9/2012;4.686
25/9/2012;4.689
26/9/2012;4.69
27/9/2012;4.692
28/9/2012;4.697
1/10/2012;4.699
2/10/2012;4.7
3/10/2012;4.703
4/10/2012;4.706
5/10/2012;4.709
9/10/2012;4.713
10/10/2012;4.715
11/10/2012;4.72
12/10/2012;4.723
15/10/2012;4.727
16/10/2012;4.731
17/10/2012;4.732
18/10/2012;4.735
19/10/2012;4.738
22/10/2012;4.742
23/10/2012;4.743
24/10/2012;4.748
25/10/2012;4.752
26/10/2012;4.752
29/10/2012;4.757
30/10/2012;4.763
31/10/2012;4.766
1/11/2012;4.77
2/11/2012;4.769
5/11/2012;4.77
7/11/2012;4.77
8/11/2012;4.774
9/11/2012;4.778
12/11/2012;4.785
13/11/2012;4.783
14/11/2012;4.787
15/11/2012;4.794
16/11/2012;4.8
19/11/2012;4.805
20/11/2012;4.807
21/11/2012;4.816
22/11/2012;4.823
23/11/2012;4.818
27/11/2012;4.824
28/11/2012;4.83
29/11/2012;4.831
30/11/2012;4.838
3/12/2012;4.842
4/12/2012;4.847
5/12/2012;4.851
6/12/2012;4.858
7/12/2012;4.863
10/12/2012;4.863
11/12/2012;4.868
12/12/2012;4.872
13/12/2012;4.874
14/12/2012;4.878
17/12/2012;4.884
18/12/2012;4.889
19/12/2012;4.896
20/12/2012;4.9
21/12/2012;4.905
26/12/2012;4.91
27/12/2012;4.913
28/12/2012;4.914
31/12/2012;4.918
2/1/2013;4.925
3/1/2013;4.927
4/1/2013;4.926
7/1/2013;4.931
8/1/2013;4.932
9/1/2013;4.936
10/1/2013;4.939
11/1/2013;4.942
14/1/2013;4.951
15/1/2013;4.949
16/1/2013;4.948
17/1/2013;4.95
18/1/2013;4.951
21/1/2013;4.958
22/1/2013;4.957
23/1/2013;4.964
24/1/2013;4.963
25/1/2013;4.965
28/1/2013;4.971
29/1/2013;4.976
30/1/2013;4.978
1/2/2013;4.985
4/2/2013;4.983
5/2/2013;4.984
6/2/2013;4.987
7/2/2013;4.995
8/2/2013;4.996
13/2/2013;5.004
14/2/2013;5.004
15/2/2013;5.011
18/2/2013;5.022
19/2/2013;5.022
21/2/2013;5.029
22/2/2013;5.03
25/2/2013;5.034
26/2/2013;5.038
27/2/2013;5.04
28/2/2013;5.046
1/3/2013;5.049
4/3/2013;5.054
5/3/2013;5.057
6/3/2013;5.061
7/3/2013;5.063
8/3/2013;5.065
11/3/2013;5.075
12/3/2013;5.078
13/3/2013;5.08
14/3/2013;5.085
15/3/2013;5.092
18/3/2013;5.096
19/3/2013;5.096
20/3/2013;5.095
21/3/2013;5.103
22/3/2013;5.11
25/3/2013;5.116
26/3/2013;5.12
27/3/2013;5.122
3/4/2013;5.13
4/4/2013;5.134
5/4/2013;5.134
8/4/2013;5.133
9/4/2013;5.137
10/4/2013;5.14
11/4/2013;5.143
12/4/2013;5.149
15/4/2013;5.152
16/4/2013;5.155
17/4/2013;5.156
18/4/2013;5.159
19/4/2013;5.164
22/4/2013;5.167
23/4/2013;5.172
24/4/2013;5.175
25/4/2013;5.173
26/4/2013;5.178
29/4/2013;5.18
30/4/2013;5.187
2/5/2013;5.193
3/5/2013;5.199
6/5/2013;5.208
7/5/2013;5.21
8/5/2013;5.214
9/5/2013;5.221
10/5/2013;5.229
13/5/2013;5.233
14/5/2013;5.235
15/5/2013;5.233
16/5/2013;5.233
17/5/2013;5.236
20/5/2013;5.245
21/5/2013;5.248
22/5/2013;5.255
23/5/2013;5.263
24/5/2013;5.266
27/5/2013;5.27
28/5/2013;5.27
29/5/2013;5.276
30/5/2013;5.28
31/5/2013;5.284
3/6/2013;5.287
4/6/2013;5.289
5/6/2013;5.291
6/6/2013;5.301
7/6/2013;5.3
10/6/2013;5.305
11/6/2013;5.31
12/6/2013;5.318
13/6/2013;5.327
14/6/2013;5.33
17/6/2013;5.337
18/6/2013;5.341
19/6/2013;5.349
24/6/2013;5.362
25/6/2013;5.362
26/6/2013;5.37
27/6/2013;5.377
28/6/2013;5.388
1/7/2013;5.39
2/7/2013;5.394
3/7/2013;5.398
4/7/2013;5.403
5/7/2013;5.404
8/7/2013;5.408
10/7/2013;5.413
11/7/2013;5.419
12/7/2013;5.426
15/7/2013;5.429
16/7/2013;5.435
17/7/2013;5.44
18/7/2013;5.45
19/7/2013;5.462
22/7/2013;5.461
23/7/2013;5.462
24/7/2013;5.464
25/7/2013;5.48
26/7/2013;5.481
29/7/2013;5.495
30/7/2013;5.501
31/7/2013;5.505
1/8/2013;5.511
2/8/2013;5.515
5/8/2013;5.521
6/8/2013;5.528
7/8/2013;5.53
8/8/2013;5.54
9/8/2013;5.542
12/8/2013;5.552
13/8/2013;5.562
14/8/2013;5.568
15/8/2013;5.579
16/8/2013;5.591
20/8/2013;5.595
21/8/2013;5.603
22/8/2013;5.614
23/8/2013;5.624
26/8/2013;5.632
27/8/2013;5.643
28/8/2013;5.65
29/8/2013;5.661
30/8/2013;5.672
3/9/2013;5.69
4/9/2013;5.702
5/9/2013;5.699
6/9/2013;5.701
9/9/2013;5.704
10/9/2013;5.712
11/9/2013;5.721
12/9/2013;5.72
13/9/2013;5.725
16/9/2013;5.732
17/9/2013;5.742
18/9/2013;5.751
19/9/2013;5.758
20/9/2013;5.761
23/9/2013;5.771
24/9/2013;5.771
25/9/2013;5.771
26/9/2013;5.784
27/9/2013;5.79
30/9/2013;5.793
1/10/2013;5.8
2/10/2013;5.803
3/10/2013;5.812
4/10/2013;5.813
7/10/2013;5.821
8/10/2013;5.822
9/10/2013;5.823
10/10/2013;5.829
11/10/2013;5.832
15/10/2013;5.838
16/10/2013;5.841
17/10/2013;5.851
18/10/2013;5.854
21/10/2013;5.862
22/10/2013;5.863
23/10/2013;5.864
24/10/2013;5.87
25/10/2013;5.886
28/10/2013;5.892
29/10/2013;5.894
30/10/2013;5.907
31/10/2013;5.912
1/11/2013;5.931
4/11/2013;5.943
5/11/2013;5.955
7/11/2013;5.944
8/11/2013;5.964
11/11/2013;5.973
12/11/2013;5.976
13/11/2013;5.977
14/11/2013;5.989
15/11/2013;5.995
18/11/2013;6.004
19/11/2013;6.039
20/11/2013;6.046
21/11/2013;6.059
22/11/2013;6.082
26/11/2013;6.095
27/11/2013;6.11
28/11/2013;6.126
29/11/2013;6.141
2/12/2013;6.158
3/12/2013;6.179
4/12/2013;6.198
5/12/2013;6.226
6/12/2013;6.242
9/12/2013;6.249
10/12/2013;6.264
11/12/2013;6.277
12/12/2013;6.28
13/12/2013;6.289
16/12/2013;6.315
17/12/2013;6.332
18/12/2013;6.378
19/12/2013;6.397
20/12/2013;6.424
23/12/2013;6.44
26/12/2013;6.473
27/12/2013;6.491
30/12/2013;6.521
31/12/2013;6.521
2/1/2014;6.545
3/1/2014;6.555
6/1/2014;6.595
7/1/2014;6.598
8/1/2014;6.605
9/1/2014;6.626
10/1/2014;6.664
13/1/2014;6.695
14/1/2014;6.71
15/1/2014;6.755
16/1/2014;6.774
17/1/2014;6.797
20/1/2014;6.825
21/1/2014;6.885
22/1/2014;7.14
23/1/2014;7.75
24/1/2014;8
27/1/2014;8.01
28/1/2014;8.01
29/1/2014;8.005
30/1/2014;8.015
31/1/2014;8.01
3/2/2014;8.005
4/2/2014;8.006
5/2/2014;7.9
6/2/2014;7.88
7/2/2014;7.84
10/2/2014;7.82
11/2/2014;7.81
12/2/2014;7.805
13/2/2014;7.792
14/2/2014;7.761
17/2/2014;7.76
18/2/2014;7.769
19/2/2014;7.781
20/2/2014;7.816
21/2/2014;7.845
24/2/2014;7.855
25/2/2014;7.869
26/2/2014;7.881
27/2/2014;7.877
28/2/2014;7.874
5/3/2014;7.88
6/3/2014;7.871
7/3/2014;7.861
10/3/2014;7.861
11/3/2014;7.87
12/3/2014;7.877
13/3/2014;7.889
14/3/2014;7.9
17/3/2014;7.92
18/3/2014;7.956
19/3/2014;7.953
20/3/2014;7.965
21/3/2014;7.974
25/3/2014;8.005
26/3/2014;8.001
27/3/2014;8
28/3/2014;8.003
31/3/2014;8.002
1/4/2014;8.002
3/4/2014;8
4/4/2014;8
7/4/2014;8.001
8/4/2014;8.001
9/4/2014;8
10/4/2014;8
11/4/2014;8
14/4/2014;8.001
15/4/2014;8
16/4/2014;8.001
21/4/2014;8
22/4/2014;8.001
23/4/2014;8
24/4/2014;8.001
25/4/2014;8
28/4/2014;8.001
29/4/2014;8.002
30/4/2014;8.002
5/5/2014;8.001
6/5/2014;8
7/5/2014;8.001
8/5/2014;8.002
9/5/2014;8.005
12/5/2014;8.011
13/5/2014;8.021
14/5/2014;8.036
15/5/2014;8.054
16/5/2014;8.054
19/5/2014;8.057
20/5/2014;8.06
21/5/2014;8.062
22/5/2014;8.063
23/5/2014;8.064
26/5/2014;8.066
27/5/2014;8.071
28/5/2014;8.074
29/5/2014;8.075
30/5/2014;8.08
2/6/2014;8.085
3/6/2014;8.095
4/6/2014;8.106
5/6/2014;8.13
6/6/2014;8.13
9/6/2014;8.13
10/6/2014;8.13
11/6/2014;8.129
12/6/2014;8.129
13/6/2014;8.13
16/6/2014;8.129
17/6/2014;8.129
18/6/2014;8.13
19/6/2014;8.13
23/6/2014;8.13
24/6/2014;8.13
25/6/2014;8.132
26/6/2014;8.132
27/6/2014;8.132
30/6/2014;8.133
1/7/2014;8.135
2/7/2014;8.138
3/7/2014;8.138
4/7/2014;8.138
7/7/2014;8.14
8/7/2014;8.143
10/7/2014;8.146
11/7/2014;8.151
14/7/2014;8.15
15/7/2014;8.15
16/7/2014;8.154
17/7/2014;8.156
18/7/2014;8.16
21/7/2014;8.16
22/7/2014;8.166
23/7/2014;8.169
24/7/2014;8.175
25/7/2014;8.178
28/7/2014;8.184
29/7/2014;8.192
30/7/2014;8.201
31/7/2014;8.213
1/8/2014;8.236
4/8/2014;8.26
5/8/2014;8.268
6/8/2014;8.269
7/8/2014;8.269
8/8/2014;8.271
11/8/2014;8.27
12/8/2014;8.272
13/8/2014;8.273
14/8/2014;8.277
15/8/2014;8.281
19/8/2014;8.286
20/8/2014;8.323
21/8/2014;8.395
22/8/2014;8.405
25/8/2014;8.405
26/8/2014;8.406
27/8/2014;8.401
28/8/2014;8.405
29/8/2014;8.401
1/9/2014;8.407
2/9/2014;8.411
3/9/2014;8.411
4/9/2014;8.401
5/9/2014;8.415
8/9/2014;8.401
9/9/2014;8.4
10/9/2014;8.4
11/9/2014;8.401
12/9/2014;8.402
15/9/2014;8.402
16/9/2014;8.403
17/9/2014;8.417
18/9/2014;8.417
19/9/2014;8.422
22/9/2014;8.427
23/9/2014;8.42
24/9/2014;8.42
25/9/2014;8.424
26/9/2014;8.449
29/9/2014;8.471
30/9/2014;8.43
1/10/2014;8.45
2/10/2014;8.445
3/10/2014;8.45
6/10/2014;8.455
7/10/2014;8.455
8/10/2014;8.465
9/10/2014;8.47
10/10/2014;8.466
14/10/2014;8.473
15/10/2014;8.473
16/10/2014;8.474
17/10/2014;8.476
20/10/2014;8.488
21/10/2014;8.488
22/10/2014;8.489
23/10/2014;8.489
24/10/2014;8.492
27/10/2014;8.5
28/10/2014;8.502
29/10/2014;8.501
30/10/2014;8.5
31/10/2014;8.5
3/11/2014;8.508
4/11/2014;8.508
5/11/2014;8.508
7/11/2014;8.51
10/11/2014;8.509
11/11/2014;8.51
12/11/2014;8.51
13/11/2014;8.51
14/11/2014;8.511
17/11/2014;8.512
18/11/2014;8.512
19/11/2014;8.514
20/11/2014;8.514
21/11/2014;8.516
25/11/2014;8.523
26/11/2014;8.523
27/11/2014;8.526
28/11/2014;8.524
1/12/2014;8.532
2/12/2014;8.54
3/12/2014;8.542
4/12/2014;8.549
5/12/2014;8.557
9/12/2014;8.552
10/12/2014;8.551
11/12/2014;8.55
12/12/2014;8.551
15/12/2014;8.551
16/12/2014;8.551
17/12/2014;8.551
18/12/2014;8.55
19/12/2014;8.551
22/12/2014;8.55
23/12/2014;8.55
24/12/2014;8.553
29/12/2014;8.552
30/12/2014;8.551
31/12/2014;8.551
2/1/2015;8.555
5/1/2015;8.561
6/1/2015;8.572
7/1/2015;8.585
8/1/2015;8.592
9/1/2015;8.591
12/1/2015;8.591
13/1/2015;8.593
14/1/2015;8.595
15/1/2015;8.597
16/1/2015;8.601
19/1/2015;8.605
20/1/2015;8.611
21/1/2015;8.616
22/1/2015;8.621
23/1/2015;8.625
26/1/2015;8.625
27/1/2015;8.629
28/1/2015;8.631
29/1/2015;8.634
30/1/2015;8.644
2/2/2015;8.656
3/2/2015;8.661
4/2/2015;8.66
5/2/2015;8.66
6/2/2015;8.659
9/2/2015;8.666
10/2/2015;8.672
11/2/2015;8.678
12/2/2015;8.681
13/2/2015;8.685
18/2/2015;8.69
19/2/2015;8.697
20/2/2015;8.703
23/2/2015;8.71
24/2/2015;8.718
25/2/2015;8.722
26/2/2015;8.721
27/2/2015;8.726
2/3/2015;8.733
3/3/2015;8.739
4/3/2015;8.744
5/3/2015;8.75
6/3/2015;8.758
9/3/2015;8.764
10/3/2015;8.77
11/3/2015;8.777
12/3/2015;8.78
13/3/2015;8.783
16/3/2015;8.783
17/3/2015;8.787
18/3/2015;8.791
19/3/2015;8.794
20/3/2015;8.799
25/3/2015;8.801
26/3/2015;8.806
27/3/2015;8.81
30/3/2015;8.816
31/3/2015;8.822
1/4/2015;8.827
6/4/2015;8.831
7/4/2015;8.836
8/4/2015;8.841
9/4/2015;8.845
10/4/2015;8.85
13/4/2015;8.856
14/4/2015;8.858
15/4/2015;8.866
16/4/2015;8.866
17/4/2015;8.867
20/4/2015;8.871
21/4/2015;8.874
22/4/2015;8.879
23/4/2015;8.885
24/4/2015;8.89
27/4/2015;8.895
28/4/2015;8.897
29/4/2015;8.902
30/4/2015;8.907
4/5/2015;8.912
5/5/2015;8.917
6/5/2015;8.922
7/5/2015;8.924
8/5/2015;8.928
11/5/2015;8.933
12/5/2015;8.936
13/5/2015;8.94
14/5/2015;8.944
15/5/2015;8.947
18/5/2015;8.953
19/5/2015;8.958
20/5/2015;8.962
21/5/2015;8.968
22/5/2015;8.971
26/5/2015;8.978
27/5/2015;8.983
28/5/2015;8.986
29/5/2015;8.992
1/6/2015;8.996
2/6/2015;9.001
3/6/2015;9.007
4/6/2015;9.01
5/6/2015;9.014
8/6/2015;9.018
9/6/2015;9.023
10/6/2015;9.029
11/6/2015;9.032
12/6/2015;9.037
15/6/2015;9.041
16/6/2015;9.044
17/6/2015;9.05
18/6/2015;9.052
19/6/2015;9.056
22/6/2015;9.061
23/6/2015;9.065
24/6/2015;9.069
25/6/2015;9.073
26/6/2015;9.078
29/6/2015;9.083
30/6/2015;9.088
1/7/2015;9.093
2/7/2015;9.097
3/7/2015;9.104
6/7/2015;9.108
7/7/2015;9.114
8/7/2015;9.118
10/7/2015;9.124
13/7/2015;9.128
14/7/2015;9.132
15/7/2015;9.137
16/7/2015;9.142
17/7/2015;9.146
20/7/2015;9.151
21/7/2015;9.156
22/7/2015;9.161
23/7/2015;9.165
24/7/2015;9.168
27/7/2015;9.173
28/7/2015;9.178
29/7/2015;9.182
30/7/2015;9.187
31/7/2015;9.19
3/8/2015;9.195
4/8/2015;9.2
5/8/2015;9.205
6/8/2015;9.209
7/8/2015;9.214
10/8/2015;9.22
11/8/2015;9.227
12/8/2015;9.231
13/8/2015;9.237
14/8/2015;9.24
18/8/2015;9.245
19/8/2015;9.251
20/8/2015;9.255
21/8/2015;9.26
24/8/2015;9.267
25/8/2015;9.272
26/8/2015;9.279
27/8/2015;9.284
28/8/2015;9.29
31/8/2015;9.296
1/9/2015;9.304
2/9/2015;9.31
3/9/2015;9.317
4/9/2015;9.322
7/9/2015;9.34
8/9/2015;9.337
9/9/2015;9.344
10/9/2015;9.35
11/9/2015;9.354
14/9/2015;9.359
15/9/2015;9.365
16/9/2015;9.371
17/9/2015;9.377
18/9/2015;9.382
21/9/2015;9.387
22/9/2015;9.391
23/9/2015;9.398
24/9/2015;9.404
25/9/2015;9.407
28/9/2015;9.41
29/9/2015;9.416
30/9/2015;9.422
1/10/2015;9.43
2/10/2015;9.438
5/10/2015;9.444
6/10/2015;9.451
7/10/2015;9.456
8/10/2015;9.46
9/10/2015;9.465
13/10/2015;9.474
14/10/2015;9.479
15/10/2015;9.484
16/10/2015;9.49
19/10/2015;9.498
20/10/2015;9.504
21/10/2015;9.511
22/10/2015;9.514
23/10/2015;9.52
26/10/2015;9.527
27/10/2015;9.533
28/10/2015;9.538
29/10/2015;9.542
30/10/2015;9.546
2/11/2015;9.555
3/11/2015;9.562
4/11/2015;9.572
5/11/2015;9.58
9/11/2015;9.587
10/11/2015;9.596
11/11/2015;9.603
12/11/2015;9.615
13/11/2015;9.624
16/11/2015;9.635
17/11/2015;9.642
18/11/2015;9.648
19/11/2015;9.657
20/11/2015;9.668
23/11/2015;9.672
24/11/2015;9.674
25/11/2015;9.678
26/11/2015;9.678
30/11/2015;9.688
1/12/2015;9.698
2/12/2015;9.709
3/12/2015;9.72
4/12/2015;9.73
9/12/2015;9.736
10/12/2015;9.751
11/12/2015;9.773
14/12/2015;9.786
15/12/2015;9.806
16/12/2015;9.826
17/12/2015;13.4
18/12/2015;13.25
21/12/2015;12.86
22/12/2015;12.98
23/12/2015;13.02
24/12/2015;13.08
28/12/2015;13
29/12/2015;12.963
30/12/2015;12.984
31/12/2015;13.04
4/1/2016;13.2
5/1/2016;13.65
6/1/2016;13.89
7/1/2016;13.9
8/1/2016;13.88
11/1/2016;13.65
12/1/2016;13.55
13/1/2016;13.54
14/1/2016;13.25
15/1/2016;13.4
18/1/2016;13.56
19/1/2016;13.43
20/1/2016;13.5
21/1/2016;13.6
22/1/2016;13.73
25/1/2016;13.81
26/1/2016;13.85
27/1/2016;13.88
28/1/2016;13.84
29/1/2016;13.96
1/2/2016;14.13
2/2/2016;14.135
3/2/2016;14.16
4/2/2016;14.23
5/2/2016;14.361
10/2/2016;14.5
11/2/2016;14.64
12/2/2016;14.73
15/2/2016;14.8
16/2/2016;14.838
17/2/2016;14.99
18/2/2016;15.06
19/2/2016;15.06
22/2/2016;15.25
23/2/2016;15.3
24/2/2016;15.35
25/2/2016;15.39
26/2/2016;15.47
29/2/2016;15.8
1/3/2016;15.8
2/3/2016;15.66
3/3/2016;15.2
4/3/2016;15.2
7/3/2016;15.405
8/3/2016;15.449
9/3/2016;15.37
10/3/2016;15.34
11/3/2016;14.85
14/3/2016;14.8
15/3/2016;14.52
16/3/2016;14.61
17/3/2016;14.95
18/3/2016;14.76
21/3/2016;14.47
22/3/2016;14.39
23/3/2016;14.5
28/3/2016;14.83
29/3/2016;14.63
30/3/2016;14.6
31/3/2016;14.7
1/4/2016;14.79
4/4/2016;14.73
5/4/2016;14.68
6/4/2016;14.6
7/4/2016;14.47
8/4/2016;14.48
11/4/2016;14.52
12/4/2016;14.455
13/4/2016;14.395
14/4/2016;14.33
15/4/2016;14.05
18/4/2016;14.14
19/4/2016;14.19
20/4/2016;14.34
21/4/2016;14.27
22/4/2016;14.3
25/4/2016;14.33
26/4/2016;14.31
27/4/2016;14.19
28/4/2016;14.3
29/4/2016;14.25
2/5/2016;14.19
3/5/2016;14.2
4/5/2016;14.24
5/5/2016;14.24
6/5/2016;14.21
9/5/2016;14.235
10/5/2016;14.234
11/5/2016;14.21
12/5/2016;14.17
13/5/2016;14.15
16/5/2016;14.137
17/5/2016;14.14
18/5/2016;14.135
19/5/2016;14.1
20/5/2016;14.035
23/5/2016;13.99
24/5/2016;14.05
26/5/2016;13.995
27/5/2016;13.92
30/5/2016;13.99
31/5/2016;13.991
1/6/2016;13.95
2/6/2016;13.9
3/6/2016;13.851
6/6/2016;13.77
7/6/2016;13.84
8/6/2016;13.9
9/6/2016;13.82
10/6/2016;13.8
13/6/2016;13.8
14/6/2016;13.75
15/6/2016;13.745
16/6/2016;13.92
21/6/2016;13.97
22/6/2016;14.07
23/6/2016;14.45
24/6/2016;14.93
27/6/2016;15.3
28/6/2016;14.9
29/6/2016;14.98
30/6/2016;15.04
1/7/2016;15
4/7/2016;15.06
5/7/2016;14.8
6/7/2016;14.695
7/7/2016;14.725
11/7/2016;14.64
12/7/2016;14.56
13/7/2016;14.57
14/7/2016;14.74
15/7/2016;14.95
18/7/2016;15.15
19/7/2016;15
20/7/2016;15.07
21/7/2016;15
22/7/2016;14.91
25/7/2016;14.95
26/7/2016;14.95
27/7/2016;15
28/7/2016;15.04
29/7/2016;15.01
1/8/2016;14.93
2/8/2016;14.85
3/8/2016;14.87
4/8/2016;14.85
5/8/2016;14.79
8/8/2016;14.67
9/8/2016;14.77
10/8/2016;14.67
11/8/2016;14.66
12/8/2016;14.67
16/8/2016;14.67
17/8/2016;14.78
18/8/2016;14.94
19/8/2016;14.918
22/8/2016;14.81
23/8/2016;14.84
24/8/2016;14.86
25/8/2016;14.89
26/8/2016;15
29/8/2016;15.1
30/8/2016;15.01
31/8/2016;14.93
1/9/2016;14.9
2/9/2016;14.99
5/9/2016;15.02
6/9/2016;15.02
7/9/2016;15.05
8/9/2016;15.07
9/9/2016;14.98
12/9/2016;14.95
13/9/2016;15
14/9/2016;15.03
15/9/2016;15.07
16/9/2016;15.13
19/9/2016;15.15
20/9/2016;15.14
21/9/2016;15.14
22/9/2016;15.164
23/9/2016;15.166
26/9/2016;15.24
27/9/2016;15.28
28/9/2016;15.39
29/9/2016;15.375
30/9/2016;15.31
3/10/2016;15.195
4/10/2016;15.17
5/10/2016;15.19
6/10/2016;15.21
7/10/2016;15.185
11/10/2016;15.17
12/10/2016;15.07
13/10/2016;15.132
14/10/2016;15.175
17/10/2016;15.198
18/10/2016;15.208
19/10/2016;15.195
20/10/2016;15.155
21/10/2016;15.135
24/10/2016;15.146
25/10/2016;15.23
26/10/2016;15.205
27/10/2016;15.174
28/10/2016;15.19
31/10/2016;15.15
1/11/2016;15.075
2/11/2016;15.11
3/11/2016;15.1
4/11/2016;15.06
7/11/2016;15.05
8/11/2016;14.93
9/11/2016;14.92
10/11/2016;15.03
11/11/2016;15.37
14/11/2016;15.65
15/11/2016;15.5
16/11/2016;15.5
17/11/2016;15.48
18/11/2016;15.47
21/11/2016;15.385
22/11/2016;15.45
22/11/2016;15.73
23/11/2016;15.54
24/11/2016;15.54
25/11/2016;15.545
29/11/2016;15.7
30/11/2016;15.868
1/12/2016;15.84
2/12/2016;15.94
5/12/2016;15.871
6/12/2016;15.92
7/12/2016;15.99
12/12/2016;16.03
13/12/2016;15.966
14/12/2016;15.97
15/12/2016;15.96
16/12/2016;15.9
19/12/2016;15.84
20/12/2016;15.86
21/12/2016;15.79
22/12/2016;15.73
23/12/2016;15.497
26/12/2016;15.54
27/12/2016;15.55
28/12/2016;15.75
29/12/2016;15.928
30/12/2016;15.89
2/1/2017;15.92
3/1/2017;15.945
4/1/2017;16.08
5/1/2017;15.96
6/1/2017;15.81
9/1/2017;15.885
10/1/2017;15.85
11/1/2017;15.85
12/1/2017;15.81
13/1/2017;15.853
16/1/2017;15.88
17/1/2017;15.909
18/1/2017;15.975
19/1/2017;15.9
20/1/2017;15.915
23/1/2017;15.94
24/1/2017;15.93
25/1/2017;15.955
26/1/2017;15.92
27/1/2017;15.9
30/1/2017;15.92
31/1/2017;15.897
1/2/2017;15.8
2/2/2017;15.68
3/2/2017;15.62
6/2/2017;15.78
7/2/2017;15.675
8/2/2017;15.675
9/2/2017;15.61
10/2/2017;15.54
13/2/2017;15.485
14/2/2017;15.47
15/2/2017;15.36
16/2/2017;15.435
17/2/2017;15.68
20/2/2017;15.685
21/2/2017;15.61
22/2/2017;15.565
23/2/2017;15.5
24/2/2017;15.48
1/3/2017;15.42
2/3/2017;15.4
3/3/2017;15.45
6/3/2017;15.48
7/3/2017;15.55
8/3/2017;15.645
9/3/2017;15.53
10/3/2017;15.48
13/3/2017;15.54
14/3/2017;15.535
15/3/2017;15.57
16/3/2017;15.53
17/3/2017;15.56
20/3/2017;15.63
21/3/2017;15.6
22/3/2017;15.635
23/3/2017;15.59
27/3/2017;15.565
28/3/2017;15.538
29/3/2017;15.43
30/3/2017;15.41
31/3/2017;15.39
3/4/2017;15.395
4/4/2017;15.35
5/4/2017;15.362
6/4/2017;15.39
7/4/2017;15.345
10/4/2017;15.21
11/4/2017;15.265
12/4/2017;15.19
17/4/2017;15.2
18/4/2017;15.299
19/4/2017;15.4
20/4/2017;15.389
21/4/2017;15.49
24/4/2017;15.39
25/4/2017;15.42
26/4/2017;15.49
27/4/2017;15.42
28/4/2017;15.4
2/5/2017;15.3
3/5/2017;15.29
4/5/2017;15.31
5/5/2017;15.37
8/5/2017;15.47
9/5/2017;15.525
10/5/2017;15.51
11/5/2017;15.435
12/5/2017;15.44
15/5/2017;15.53
16/5/2017;15.58
17/5/2017;15.61
18/5/2017;16
19/5/2017;16.05
22/5/2017;16.185
23/5/2017;16.09
24/5/2017;16.09
26/5/2017;16.01
29/5/2017;16.03
30/5/2017;16.15
31/5/2017;16.1
1/6/2017;16.06
2/6/2017;16
5/6/2017;15.995
6/6/2017;16.01
7/6/2017;15.99
8/6/2017;15.9
9/6/2017;15.92
12/6/2017;15.925
13/6/2017;15.89
14/6/2017;15.878
15/6/2017;15.98
16/6/2017;16.04
19/6/2017;16.15
21/6/2017;16.22
22/6/2017;16.145
23/6/2017;16.175
26/6/2017;16.32
27/6/2017;16.4
28/6/2017;16.45
29/6/2017;16.5
30/6/2017;16.63
3/7/2017;16.8
4/7/2017;16.93
5/7/2017;17.14
6/7/2017;17.08
7/7/2017;16.98
10/7/2017;16.995
11/7/2017;17
12/7/2017;16.949
13/7/2017;16.95
14/7/2017;16.85
17/7/2017;16.93
18/7/2017;17.2
19/7/2017;17.15
20/7/2017;17.2
21/7/2017;17.42
24/7/2017;17.43
25/7/2017;17.48
26/7/2017;17.5
27/7/2017;17.64
28/7/2017;17.79
31/7/2017;17.64
1/8/2017;17.584
2/8/2017;17.6
3/8/2017;17.67
4/8/2017;17.67
7/8/2017;17.7
8/8/2017;17.723
9/8/2017;17.7
10/8/2017;17.71
11/8/2017;17.71
14/8/2017;17.13
15/8/2017;17.07
16/8/2017;17.21
17/8/2017;17.36
18/8/2017;17.27
22/8/2017;17.21
23/8/2017;17.23
24/8/2017;17.21
25/8/2017;17.22
28/8/2017;17.23
29/8/2017;17.395
30/8/2017;17.39
31/8/2017;17.31
1/9/2017;17.2
4/9/2017;17.23
5/9/2017;17.24
6/9/2017;17.215
6/9/2017;37.35
7/9/2017;17.2
8/9/2017;17.2
11/9/2017;17.15
12/9/2017;17.07
13/9/2017;17.07
14/9/2017;16.99
15/9/2017;16.975
18/9/2017;17.115
19/9/2017;17.14
20/9/2017;17.19
21/9/2017;17.27
22/9/2017;17.31
25/9/2017;17.51
26/9/2017;17.58
27/9/2017;17.56
28/9/2017;17.49
29/9/2017;17.31
2/10/2017;17.415
3/10/2017;17.415
4/10/2017;17.357
5/10/2017;17.405
6/10/2017;17.445
9/10/2017;17.46
10/10/2017;17.425
11/10/2017;17.418
12/10/2017;17.415
13/10/2017;17.344
17/10/2017;17.335
18/10/2017;17.35
19/10/2017;17.45
20/10/2017;17.42
23/10/2017;17.415
24/10/2017;17.5
25/10/2017;17.49
26/10/2017;17.66
27/10/2017;17.625
30/10/2017;17.7
31/10/2017;17.655
1/11/2017;17.61
2/11/2017;17.52
3/11/2017;17.64
7/11/2017;17.65
8/11/2017;17.52
9/11/2017;17.515
10/11/2017;17.495
13/11/2017;17.5
14/11/2017;17.5
15/11/2017;17.5
16/11/2017;17.484
17/11/2017;17.485
21/11/2017;17.49
22/11/2017;17.43
23/11/2017;17.42
24/11/2017;17.35
27/11/2017;17.32
28/11/2017;17.365
29/11/2017;17.425
30/11/2017;17.305
1/12/2017;17.23
4/12/2017;17.355
5/12/2017;17.29
6/12/2017;17.255
7/12/2017;17.28
11/12/2017;17.24
12/12/2017;17.35
13/12/2017;17.31
14/12/2017;17.45
15/12/2017;17.515
18/12/2017;17.57
19/12/2017;17.57
20/12/2017;17.76
21/12/2017;17.955
22/12/2017;18.07
26/12/2017;18.335
27/12/2017;18.436
28/12/2017;19.2
29/12/2017;18.649
2/1/2018;18.41
3/1/2018;18.445
4/1/2018;18.63
5/1/2018;18.86
8/1/2018;19.03
9/1/2018;18.93
10/1/2018;18.62
11/1/2018;18.71
12/1/2018;18.69
15/1/2018;18.77
16/1/2018;18.9
17/1/2018;18.85
18/1/2018;18.87
19/1/2018;18.995
22/1/2018;19.146
23/1/2018;19.335
24/1/2018;19.65
25/1/2018;19.56
26/1/2018;19.57
29/1/2018;19.58
30/1/2018;19.635
31/1/2018;19.65
1/2/2018;19.38
2/2/2018;19.495
5/2/2018;19.48
6/2/2018;19.56
7/2/2018;19.695
8/2/2018;19.97
9/2/2018;19.98
14/2/2018;19.9
15/2/2018;19.66
16/2/2018;19.76
19/2/2018;19.9
20/2/2018;19.85
21/2/2018;19.925
22/2/2018;19.95
23/2/2018;19.98
26/2/2018;20.2
27/2/2018;20.2
28/2/2018;20.11
1/3/2018;20.151
2/3/2018;20.27
5/3/2018;20.21
6/3/2018;20.34
7/3/2018;20.41
8/3/2018;20.36
9/3/2018;20.25
12/3/2018;20.2
13/3/2018;20.22
14/3/2018;20.23
15/3/2018;20.345
16/3/2018;20.2
19/3/2018;20.2
20/3/2018;20.265
21/3/2018;20.27
22/3/2018;20.225
23/3/2018;20.19
26/3/2018;20.19
27/3/2018;20.168
28/3/2018;20.149
3/4/2018;20.18
4/4/2018;20.18
5/4/2018;20.2
6/4/2018;20.18
9/4/2018;20.19
10/4/2018;20.16
11/4/2018;20.168
12/4/2018;20.21
13/4/2018;20.22
16/4/2018;20.22
17/4/2018;20.18
18/4/2018;20.135
19/4/2018;20.16
20/4/2018;20.19
23/4/2018;20.26
24/4/2018;20.26
25/4/2018;20.252
26/4/2018;20.55
27/4/2018;20.54
2/5/2018;21.2
3/5/2018;23
4/5/2018;21.8
7/5/2018;21.96
8/5/2018;22.4
9/5/2018;22.72
10/5/2018;22.69
11/5/2018;23.26
14/5/2018;24.99
15/5/2018;24.05
16/5/2018;24.29
17/5/2018;24.32
18/5/2018;24.43
21/5/2018;24.389
22/5/2018;24.28
23/5/2018;24.475
24/5/2018;24.6
28/5/2018;24.71
29/5/2018;24.84
30/5/2018;24.93
31/5/2018;24.96
1/6/2018;24.975
4/6/2018;24.97
5/6/2018;24.96
6/6/2018;24.9
7/6/2018;24.985
8/6/2018;25.31
11/6/2018;26
12/6/2018;25.75
13/6/2018;26
14/6/2018;27.7
15/6/2018;28.35
18/6/2018;27.58
19/6/2018;27.76
21/6/2018;27.5
22/6/2018;27.01
25/6/2018;27.09
26/6/2018;27.1
27/6/2018;27.44
28/6/2018;28.1
29/6/2018;28.85
2/7/2018;28.3
3/7/2018;27.8
4/7/2018;28.07
5/7/2018;28.05
6/7/2018;27.9
10/7/2018;27.37
11/7/2018;27.39
12/7/2018;27.23
13/7/2018;27.21
16/7/2018;27.36
17/7/2018;27.55
18/7/2018;27.598
19/7/2018;27.759
20/7/2018;27.58
23/7/2018;27.62
24/7/2018;27.48
25/7/2018;27.39
26/7/2018;27.41
27/7/2018;27.325
30/7/2018;27.255
31/7/2018;27.41
1/8/2018;27.525
2/8/2018;27.45
3/8/2018;27.29
6/8/2018;27.33
7/8/2018;27.395
8/8/2018;27.65
9/8/2018;28.11
10/8/2018;29.25
13/8/2018;29.925
14/8/2018;29.61
15/8/2018;30
16/8/2018;29.84
17/8/2018;29.85
21/8/2018;30
22/8/2018;30.25
23/8/2018;30.49
24/8/2018;30.9
27/8/2018;30.97
28/8/2018;31.35
29/8/2018;34
30/8/2018;37.6
31/8/2018;36.85
3/9/2018;37.4
4/9/2018;38.88
5/9/2018;38.4
6/9/2018;37.35
7/9/2018;36.99
10/9/2018;37.38
11/9/2018;37.941
12/9/2018;38.25
13/9/2018;39.55
14/9/2018;39.86
17/9/2018;39.53
18/9/2018;39.731
19/9/2018;39.21
20/9/2018;38.2
21/9/2018;37.15
24/9/2018;37.3
25/9/2018;38.1
26/9/2018;38.51
27/9/2018;39.7
28/9/2018;41.25
1/10/2018;39.6
2/10/2018;38.1
3/10/2018;37.69
4/10/2018;38.3
5/10/2018;37.84
8/10/2018;37.42
9/10/2018;37.12
10/10/2018;37.25
11/10/2018;36.57
12/10/2018;36.75
16/10/2018;36
17/10/2018;36.18
18/10/2018;36.65
19/10/2018;36.54
22/10/2018;36.46
23/10/2018;36.59
24/10/2018;37
25/10/2018;36.79
26/10/2018;36.84
29/10/2018;36.9
30/10/2018;36.71
31/10/2018;35.95
1/11/2018;35.67
2/11/2018;35.49
5/11/2018;35.65
7/11/2018;35.67
8/11/2018;35.5
9/11/2018;35.4
12/11/2018;35.58
13/11/2018;36.05
14/11/2018;35.9
15/11/2018;36.05
16/11/2018;35.93
20/11/2018;36.18
21/11/2018;36.255
22/11/2018;36.5
23/11/2018;37.6
26/11/2018;39.05
27/11/2018;38.55
28/11/2018;38.46
29/11/2018;37.72
3/12/2018;36.5
4/12/2018;37.4
5/12/2018;37.45
6/12/2018;37.7
7/12/2018;37.4
10/12/2018;37.66
11/12/2018;37.81
12/12/2018;37.59
13/12/2018;37.83
14/12/2018;38.17
17/12/2018;38.26
18/12/2018;38.26
19/12/2018;38.37
20/12/2018;38.05
21/12/2018;37.975
26/12/2018;38.6
27/12/2018;38.3
28/12/2018;37.7
31/12/2018;37.7
2/1/2019;37.65
3/1/2019;37.45
4/1/2019;37.37
7/1/2019;37.305
8/1/2019;37.6
9/1/2019;37.37
10/1/2019;37.08
11/1/2019;36.9
14/1/2019;37
15/1/2019;37.1
16/1/2019;37.5
17/1/2019;37.71
18/1/2019;37.58
21/1/2019;37.7
22/1/2019;37.53
23/1/2019;37.56
24/1/2019;37.4
25/1/2019;37.03
28/1/2019;37.15
29/1/2019;37.7
30/1/2019;37.51
31/1/2019;37.35
1/2/2019;37.17
4/2/2019;37.19
5/2/2019;37.2
6/2/2019;37.52
7/2/2019;37.82
8/2/2019;37.85
11/2/2019;37.91
12/2/2019;37.99
13/2/2019;38.22
14/2/2019;38.22
15/2/2019;38.62
18/2/2019;38.8
19/2/2019;39.27
20/2/2019;39.67
21/2/2019;39.53
22/2/2019;39.22
25/2/2019;39.049
26/2/2019;38.87
27/2/2019;38.82
28/2/2019;39.15
1/3/2019;39.81
6/3/2019;40.75
7/3/2019;42.5
8/3/2019;41.2
11/3/2019;41.3
12/3/2019;41.5
13/3/2019;41.2
14/3/2019;40.77
15/3/2019;40
18/3/2019;40
19/3/2019;40.5
20/3/2019;40.85
21/3/2019;41.05
22/3/2019;41.8
25/3/2019;42.08
26/3/2019;42.64
27/3/2019;43.87
28/3/2019;43.63
29/3/2019;43.35
1/4/2019;42.71
3/4/2019;42.87
4/4/2019;43.41
5/4/2019;43.93
8/4/2019;43.7
9/4/2019;43.35
10/4/2019;43.01
11/4/2019;42.75
12/4/2019;42.18
15/4/2019;41.62
16/4/2019;42.39
17/4/2019;41.9
22/4/2019;42.48
23/4/2019;42.4
24/4/2019;43.95
25/4/2019;44.9
26/4/2019;45.97
29/4/2019;44.325
30/4/2019;44.15
2/5/2019;44.8
3/5/2019;44.44
6/5/2019;44.65
7/5/2019;45.33
8/5/2019;45.1
9/5/2019;45.25
10/5/2019;44.8
13/5/2019;45.1
14/5/2019;44.97
15/5/2019;45
16/5/2019;44.79
17/5/2019;45
20/5/2019;45.19
21/5/2019;44.77
22/5/2019;44.9
23/5/2019;45.09
24/5/2019;44.82
27/5/2019;44.85
28/5/2019;44.69
29/5/2019;44.45
30/5/2019;44.55
31/5/2019;44.76
3/6/2019;44.87
4/6/2019;44.71
5/6/2019;44.9
6/6/2019;44.93
7/6/2019;44.85
10/6/2019;44.9
11/6/2019;44.7
12/6/2019;43.67
13/6/2019;43.37
14/6/2019;43.97
18/6/2019;43.48
19/6/2019;43.3
21/6/2019;42.79
24/6/2019;42.44
25/6/2019;42.38
26/6/2019;42.73
27/6/2019;42.7
28/6/2019;42.463
1/7/2019;42.37
2/7/2019;42.2
3/7/2019;42.03
4/7/2019;41.84
5/7/2019;41.85
10/7/2019;41.82
11/7/2019;41.7
12/7/2019;41.6
15/7/2019;42.4
16/7/2019;42.66
17/7/2019;42.5
18/7/2019;42.45
19/7/2019;42.42
22/7/2019;42.45
23/7/2019;42.66
24/7/2019;42.87
25/7/2019;43.37
26/7/2019;43.35
29/7/2019;43.83
30/7/2019;43.93
31/7/2019;43.88
1/8/2019;44.36
2/8/2019;44.65
5/8/2019;45.49
6/8/2019;45.3
7/8/2019;45.59
8/8/2019;45.22
9/8/2019;45.25
12/8/2019;53
13/8/2019;55.8
14/8/2019;60.4
15/8/2019;57.25
16/8/2019;55
20/8/2019;54.75
21/8/2019;55.02
22/8/2019;55.09
23/8/2019;55.15
26/8/2019;55.29
27/8/2019;56.3
28/8/2019;58.1
29/8/2019;57.9
30/8/2019;59.51
2/9/2019;56
3/9/2019;55.98
4/9/2019;56
5/9/2019;56.01
6/9/2019;55.82
9/9/2019;56.02
10/9/2019;56.01
11/9/2019;56.18
12/9/2019;56.1
13/9/2019;56.11
16/9/2019;56.28
17/9/2019;56.5
18/9/2019;56.52
19/9/2019;56.57
20/9/2019;56.67
23/9/2019;56.92
24/9/2019;56.87
25/9/2019;57.05
26/9/2019;57.21
27/9/2019;57.32
30/9/2019;57.59
1/10/2019;57.64
2/10/2019;57.82
3/10/2019;57.73
4/10/2019;57.73
7/10/2019;57.84
8/10/2019;57.85
9/10/2019;57.99
10/10/2019;57.98
11/10/2019;58.05
15/10/2019;58.27
16/10/2019;58.348
17/10/2019;58.319
18/10/2019;58.35
21/10/2019;58.51
22/10/2019;58.65
23/10/2019;59
24/10/2019;59.45
25/10/2019;59.99
28/10/2019;59.5
29/10/2019;59.47
30/10/2019;59.72
31/10/2019;59.67
1/11/2019;59.75
4/11/2019;59.7
5/11/2019;59.65
7/11/2019;59.6
8/11/2019;59.5
11/11/2019;59.95
12/11/2019;59.7
13/11/2019;59.72
14/11/2019;59.72
15/11/2019;59.67
19/11/2019;59.69
20/11/2019;59.73
21/11/2019;59.8
22/11/2019;59.77
25/11/2019;59.71
26/11/2019;59.94
27/11/2019;59.77
28/11/2019;59.85
29/11/2019;59.94
2/12/2019;59.975
3/12/2019;59.925
4/12/2019;59.88
5/12/2019;59.985
6/12/2019;59.94
9/12/2019;59.945
10/12/2019;59.85
11/12/2019;59.815
12/12/2019;59.815
13/12/2019;59.816
16/12/2019;59.815
17/12/2019;59.815
18/12/2019;59.815
19/12/2019;59.815
20/12/2019;59.815
23/12/2019;59.99
26/12/2019;59.89
27/12/2019;59.83
30/12/2019;59.89
31/12/2019;59.89
2/1/2020;59.815
3/1/2020;59.815
6/1/2020;59.815
7/1/2020;59.815
8/1/2020;59.815
9/1/2020;59.815
10/1/2020;59.816
13/1/2020;59.95
14/1/2020;60.06
15/1/2020;59.95
16/1/2020;59.975
17/1/2020;60.005
20/1/2020;60.06
21/1/2020;60.1
22/1/2020;60.07
23/1/2020;60.08
24/1/2020;60.091
27/1/2020;60.17
28/1/2020;60.18
29/1/2020;60.23
30/1/2020;60.25
31/1/2020;60.35
3/2/2020;60.47
4/2/2020;60.58
5/2/2020;60.59
6/2/2020;60.69
7/2/2020;60.78
10/2/2020;60.978
11/2/2020;61.119
12/2/2020;61.229
13/2/2020;61.389
14/2/2020;61.459
17/2/2020;61.669
18/2/2020;61.662
19/2/2020;61.729
20/2/2020;61.789
21/2/2020;61.839
26/2/2020;62.089
27/2/2020;62.139
28/2/2020;62.21
2/3/2020;62.259
3/3/2020;62.309
4/3/2020;62.359
5/3/2020;62.419
6/3/2020;62.48
9/3/2020;62.53
10/3/2020;62.589
11/3/2020;62.67
12/3/2020;62.819
13/3/2020;62.899
16/3/2020;63.039
17/3/2020;63.179
18/3/2020;63.33
19/3/2020;63.549
20/3/2020;63.77
25/3/2020;64.05
26/3/2020;64.229
27/3/2020;64.409
30/3/2020;64.469
1/4/2020;64.529
2/4/2020;64.72
3/4/2020;64.91
6/4/2020;64.99
7/4/2020;65.069
8/4/2020;65.16
13/4/2020;65.38
14/4/2020;65.5
15/4/2020;65.619
16/4/2020;65.74
17/4/2020;65.86
20/4/2020;65.98
21/4/2020;66.09
22/4/2020;66.23
23/4/2020;66.32
24/4/2020;66.43
27/4/2020;66.53
28/4/2020;66.63
29/4/2020;66.75
30/4/2020;66.84
4/5/2020;66.93
5/5/2020;67
6/5/2020;67.1
7/5/2020;67.19
8/5/2020;67.27
11/5/2020;67.37
12/5/2020;67.46
13/5/2020;67.54
14/5/2020;67.64
15/5/2020;67.73
18/5/2020;67.82
19/5/2020;67.9
20/5/2020;68
21/5/2020;68.09
22/5/2020;68.18
26/5/2020;68.27
27/5/2020;68.36
28/5/2020;68.45
29/5/2020;68.54
1/6/2020;68.63
2/6/2020;68.71
3/6/2020;68.81
4/6/2020;68.9
5/6/2020;68.99
8/6/2020;69.08
9/6/2020;69.17
10/6/2020;69.26
11/6/2020;69.31
12/6/2020;69.37
16/6/2020;69.61
17/6/2020;69.67
18/6/2020;69.74
19/6/2020;69.8
22/6/2020;69.97
23/6/2020;70.03
24/6/2020;70.1
25/6/2020;70.16
26/6/2020;70.22
29/6/2020;70.4
30/6/2020;70.46
1/7/2020;70.52
2/7/2020;70.58
3/7/2020;70.64
6/7/2020;70.82
7/7/2020;70.87
8/7/2020;70.94
13/7/2020;71.24
14/7/2020;71.3
15/7/2020;71.36
16/7/2020;71.42
17/7/2020;71.48
20/7/2020;71.66
21/7/2020;71.72
22/7/2020;71.78
23/7/2020;71.84
24/7/2020;71.9
27/7/2020;72.08
28/7/2020;72.14
29/7/2020;72.2
30/7/2020;72.26
31/7/2020;72.32
3/8/2020;72.52
4/8/2020;72.57
5/8/2020;72.62
6/8/2020;72.7
7/8/2020;72.77
10/8/2020;72.95
11/8/2020;73
12/8/2020;73.05
13/8/2020;73.11
14/8/2020;73.16
18/8/2020;73.4
19/8/2020;73.48
20/8/2020;73.53
21/8/2020;73.58
24/8/2020;73.73
25/8/2020;73.81
26/8/2020;73.86
27/8/2020;73.94
28/8/2020;74
31/8/2020;74.18
1/9/2020;74.25
2/9/2020;74.32
3/9/2020;74.38
4/9/2020;74.44
7/9/2020;74.65
8/9/2020;74.71
9/9/2020;74.77
10/9/2020;74.84
11/9/2020;74.91
14/9/2020;75.12
15/9/2020;75.19
16/9/2020;75.25
17/9/2020;75.32
18/9/2020;75.38
21/9/2020;75.59
22/9/2020;75.65
23/9/2020;75.72
24/9/2020;75.78
25/9/2020;75.85
28/9/2020;76.06
29/9/2020;76.12
30/9/2020;76.18
1/10/2020;76.25
2/10/2020;76.95
5/10/2020;77.01
6/10/2020;77.08
7/10/2020;77.11
8/10/2020;77.11
9/10/2020;77.15
13/10/2020;77.43
14/10/2020;77.48
15/10/2020;77.47
16/10/2020;77.52
19/10/2020;77.58
20/10/2020;77.68
21/10/2020;77.75
22/10/2020;78.08
23/10/2020;78.13
26/10/2020;78.26
27/10/2020;78.3
28/10/2020;78.31
29/10/2020;78.3
30/10/2020;78.32
2/11/2020;78.69
3/11/2020;78.93
4/11/2020;79.03
5/11/2020;79.1
9/11/2020;79.35
10/11/2020;79.43
11/11/2020;79.49
12/11/2020;79.56
13/11/2020;79.75
16/11/2020;79.97
17/11/2020;80.04
18/11/2020;80.15
19/11/2020;80.28
20/11/2020;80.35
24/11/2020;80.7
25/11/2020;80.79
26/11/2020;80.89
27/11/2020;81.07
30/11/2020;81.31
1/12/2020;81.43
2/12/2020;81.49
3/12/2020;81.56
4/12/2020;81.65
9/12/2020;82.04
10/12/2020;82.13
11/12/2020;82.21
14/12/2020;82.45
15/12/2020;82.53
16/12/2020;82.62
17/12/2020;82.71
18/12/2020;82.84
21/12/2020;83.15
22/12/2020;83.25
23/12/2020;83.36
28/12/2020;83.9
29/12/2020;84.02
30/12/2020;84.15
31/12/2020;84.15
4/1/2021;84.7
5/1/2021;84.81
6/1/2021;84.91
7/1/2021;85
8/1/2021;85.12
11/1/2021;85.37
12/1/2021;85.47
13/1/2021;85.55
14/1/2021;85.64
15/1/2021;85.74
18/1/2021;86.08
19/1/2021;86.21
20/1/2021;86.35
21/1/2021;86.43
22/1/2021;86.57
25/1/2021;86.9
26/1/2021;87.02
27/1/2021;87.11
28/1/2021;87.2
29/1/2021;87.33
1/2/2021;87.6
2/2/2021;87.7
3/2/2021;87.8
4/2/2021;87.91
5/2/2021;88
8/2/2021;88.17
9/2/2021;88.26
10/2/2021;88.36
11/2/2021;88.45
12/2/2021;88.54
17/2/2021;88.94
18/2/2021;89.06
19/2/2021;89.14
22/2/2021;89.43
23/2/2021;89.53
24/2/2021;89.68
25/2/2021;89.75
26/2/2021;89.82
1/3/2021;90.09
2/3/2021;90.15
3/3/2021;90.23
4/3/2021;90.29
5/3/2021;90.37
8/3/2021;90.57
9/3/2021;90.66
10/3/2021;90.72
11/3/2021;90.78
12/3/2021;90.85
15/3/2021;91.06
16/3/2021;91.13
17/3/2021;91.2
18/3/2021;91.3
19/3/2021;91.36
22/3/2021;91.57
23/3/2021;91.64
25/3/2021;91.77
26/3/2021;91.84
29/3/2021;91.91
30/3/2021;91.96
31/3/2021;92
5/4/2021;92.24
6/4/2021;92.28
7/4/2021;92.33
8/4/2021;92.38
9/4/2021;92.44
12/4/2021;92.58
13/4/2021;92.62
14/4/2021;92.67
15/4/2021;92.72
16/4/2021;92.81
19/4/2021;92.92
20/4/2021;92.97
21/4/2021;93.03
22/4/2021;93.07
23/4/2021;93.12
26/4/2021;93.27
27/4/2021;93.33
28/4/2021;93.44
29/4/2021;93.5
30/4/2021;93.56
3/5/2021;93.67
4/5/2021;93.71
5/5/2021;93.75
6/5/2021;93.79
7/5/2021;93.85
10/5/2021;93.93
11/5/2021;93.95
12/5/2021;93.98
13/5/2021;94.01
14/5/2021;94.04
17/5/2021;94.13
18/5/2021;94.16
19/5/2021;94.2
20/5/2021;94.24
21/5/2021;94.27
26/5/2021;94.48
27/5/2021;94.53
28/5/2021;94.56
31/5/2021;94.73
1/6/2021;94.73
2/6/2021;94.77
3/6/2021;94.81
4/6/2021;94.86
7/6/2021;94.98
8/6/2021;95.01
9/6/2021;95.05
10/6/2021;95.11
11/6/2021;95.13
14/6/2021;95.25
15/6/2021;95.3
16/6/2021;95.31
17/6/2021;95.37
18/6/2021;95.37
22/6/2021;95.49
23/6/2021;95.53
24/6/2021;95.55
25/6/2021;95.6
28/6/2021;95.69
29/6/2021;95.71
30/6/2021;95.72
1/7/2021;95.76
2/7/2021;95.79
5/7/2021;95.88
6/7/2021;95.91
7/7/2021;95.94
8/7/2021;95.99
12/7/2021;96.09
13/7/2021;96.12
14/7/2021;96.16
15/7/2021;96.18
16/7/2021;96.22
19/7/2021;96.31
20/7/2021;96.34
21/7/2021;96.36
22/7/2021;96.41
23/7/2021;96.42
26/7/2021;96.54
27/7/2021;96.57
28/7/2021;96.61
29/7/2021;96.64
30/7/2021;96.69
2/8/2021;96.79
3/8/2021;96.81
4/8/2021;96.83
5/8/2021;96.89
6/8/2021;96.9
9/8/2021;97
10/8/2021;97.03
11/8/2021;97.04
12/8/2021;97.07
13/8/2021;97.11
17/8/2021;97.25
18/8/2021;97.25
19/8/2021;97.28
20/8/2021;97.31
23/8/2021;97.4
24/8/2021;97.45
25/8/2021;97.48
26/8/2021;97.53
27/8/2021;97.56
30/8/2021;97.71
31/8/2021;97.74
1/9/2021;97.78
2/9/2021;97.83
3/9/2021;97.86
6/9/2021;97.95
7/9/2021;97.99
8/9/2021;98.01
9/9/2021;98.05
10/9/2021;98.09
13/9/2021;98.19
14/9/2021;98.21
15/9/2021;98.25
16/9/2021;98.3
17/9/2021;98.36
20/9/2021;98.46
21/9/2021;98.47
22/9/2021;98.49
23/9/2021;98.54
24/9/2021;98.56
27/9/2021;98.63
28/9/2021;98.66
29/9/2021;98.72
30/9/2021;98.74
1/10/2021;98.79
4/10/2021;98.86
5/10/2021;98.89
6/10/2021;98.92
7/10/2021;98.94
12/10/2021;99.09
13/10/2021;99.12
14/10/2021;99.16
15/10/2021;99.18
18/10/2021;99.27
19/10/2021;99.31
20/10/2021;99.35
21/10/2021;99.37
22/10/2021;99.39
25/10/2021;99.48
26/10/2021;99.56
27/10/2021;99.65
28/10/2021;99.69
29/10/2021;99.72
1/11/2021;99.81
2/11/2021;99.86
3/11/2021;99.91
4/11/2021;99.96
5/11/2021;99.94
8/11/2021;100.08
9/11/2021;100.11
10/11/2021;100.15
11/11/2021;100.17
12/11/2021;100.22
15/11/2021;100.27
16/11/2021;100.29
17/11/2021;100.35
18/11/2021;100.41
19/11/2021;100.46
23/11/2021;100.57
24/11/2021;100.62
25/11/2021;100.68
26/11/2021;100.8
29/11/2021;100.94
30/11/2021;100.96
1/12/2021;101
2/12/2021;101.1
3/12/2021;101.16
6/12/2021;101.28
7/12/2021;101.42
9/12/2021;101.54
10/12/2021;101.55
13/12/2021;101.7
14/12/2021;101.78
15/12/2021;101.82
16/12/2021;101.9
17/12/2021;101.98
20/12/2021;102.13
21/12/2021;102.24
22/12/2021;102.26
23/12/2021;102.3
27/12/2021;102.54
28/12/2021;102.62
29/12/2021;102.68
30/12/2021;102.72
31/12/2021;102.72
3/1/2022;103
4/1/2022;103.09
5/1/2022;103.14
6/1/2022;103.24
7/1/2022;103.28
10/1/2022;103.51
11/1/2022;103.56
12/1/2022;103.68
13/1/2022;103.77
14/1/2022;103.84
17/1/2022;104.1
18/1/2022;104.17
19/1/2022;104.24
20/1/2022;104.31
21/1/2022;104.34
24/1/2022;104.53
25/1/2022;104.62
26/1/2022;104.7
27/1/2022;104.77
28/1/2022;104.84
31/1/2022;105.02
1/2/2022;105.12
2/2/2022;105.2
3/2/2022;105.31
4/2/2022;105.41
7/2/2022;105.68
8/2/2022;105.82
9/2/2022;105.89
10/2/2022;106.01
11/2/2022;106.15
14/2/2022;106.36
15/2/2022;106.47
16/2/2022;106.58
17/2/2022;106.67
18/2/2022;106.78
21/2/2022;107.04
22/2/2022;107.19
23/2/2022;107.28
24/2/2022;107.38
25/2/2022;107.45
2/3/2022;107.93
3/3/2022;108.03
4/3/2022;108.13
7/3/2022;108.44
8/3/2022;108.56
9/3/2022;108.68
10/3/2022;108.77
11/3/2022;108.88
14/3/2022;109.2
15/3/2022;109.32
16/3/2022;109.41
17/3/2022;109.51
18/3/2022;109.7
21/3/2022;109.97
22/3/2022;110.07
23/3/2022;110.18
25/3/2022;110.38
28/3/2022;110.68
29/3/2022;110.82
30/3/2022;110.89
31/3/2022;111.01
1/4/2022;111.12
4/4/2022;111.57
5/4/2022;111.7
6/4/2022;111.83
7/4/2022;111.97
8/4/2022;112.16
11/4/2022;112.58
12/4/2022;112.76
13/4/2022;112.97
18/4/2022;113.63
19/4/2022;113.78
20/4/2022;113.96
21/4/2022;114.09
22/4/2022;114.23
25/4/2022;114.68
26/4/2022;114.85
27/4/2022;115.04
28/4/2022;115.18
29/4/2022;115.31
2/5/2022;115.73
3/5/2022;115.87
4/5/2022;116.02
5/5/2022;116.16
6/5/2022;116.3
9/5/2022;116.75
10/5/2022;116.93
11/5/2022;117.08
12/5/2022;117.25
13/5/2022;117.43
16/5/2022;117.86
17/5/2022;118.07
19/5/2022;118.34
20/5/2022;118.48
23/5/2022;118.94
24/5/2022;119.11
26/5/2022;119.41
27/5/2022;119.55
30/5/2022;120.01
31/5/2022;120.2
1/6/2022;120.32
2/6/2022;120.46
3/6/2022;120.68
6/6/2022;121.11
7/6/2022;121.29
8/6/2022;121.45
9/6/2022;121.62
10/6/2022;121.79
13/6/2022;122.3
14/6/2022;122.5
15/6/2022;122.7
16/6/2022;122.92
21/6/2022;123.67
22/6/2022;123.85
23/6/2022;124.1
24/6/2022;124.24
27/6/2022;124.71
28/6/2022;124.87
29/6/2022;125.04
30/6/2022;125.23
1/7/2022;125.45
4/7/2022;125.95
5/7/2022;126.2
6/7/2022;126.39
7/7/2022;126.56
8/7/2022;126.8
11/7/2022;127.35
12/7/2022;127.59
13/7/2022;127.82
14/7/2022;128
15/7/2022;128.25
18/7/2022;128.91
19/7/2022;129.14
20/7/2022;129.38
21/7/2022;129.58
22/7/2022;129.74
25/7/2022;130.4
26/7/2022;130.68
27/7/2022;130.91
28/7/2022;131.12
29/7/2022;131.27
1/8/2022;131.89
2/8/2022;132.2
3/8/2022;132.42
4/8/2022;132.64
5/8/2022;132.89
8/8/2022;133.57
9/8/2022;133.85
10/8/2022;134.05
11/8/2022;134.27
12/8/2022;134.59
16/8/2022;135.33
17/8/2022;135.53
18/8/2022;135.8
19/8/2022;136.17
22/8/2022;136.64
23/8/2022;136.95
24/8/2022;137.15
25/8/2022;137.4
26/8/2022;137.7
29/8/2022;138.32
30/8/2022;138.6
31/8/2022;138.73
1/9/2022;139.03
5/9/2022;140.28
6/9/2022;140.56
7/9/2022;140.8
8/9/2022;141.15
9/9/2022;141.38
12/9/2022;142.28
13/9/2022;142.58
14/9/2022;142.88
15/9/2022;143.2
16/9/2022;143.52
19/9/2022;144.37
20/9/2022;144.64
21/9/2022;144.89
22/9/2022;145.16
23/9/2022;145.44
26/9/2022;146.26
27/9/2022;146.57
28/9/2022;146.86
29/9/2022;147.07
30/9/2022;147.32
3/10/2022;148.23
4/10/2022;148.59
5/10/2022;148.88
6/10/2022;149.2
11/10/2022;150.69
12/10/2022;151.04
13/10/2022;151.3
14/10/2022;151.64
17/10/2022;152.5
18/10/2022;152.82
19/10/2022;153.18
20/10/2022;153.51
21/10/2022;153.79
24/10/2022;154.74
25/10/2022;155.08
26/10/2022;155.39
27/10/2022;155.69
28/10/2022;156.02
31/10/2022;156.91
1/11/2022;157.28
2/11/2022;157.6
3/11/2022;157.92
4/11/2022;158.28
7/11/2022;159.37
8/11/2022;159.71
9/11/2022;160.02
10/11/2022;160.39
11/11/2022;160.7
14/11/2022;161.78
15/11/2022;162.12
16/11/2022;162.47
17/11/2022;162.78
18/11/2022;163.18
22/11/2022;164.51
23/11/2022;164.84
24/11/2022;165.21
25/11/2022;165.59
28/11/2022;166.6
29/11/2022;166.96
30/11/2022;167.28
1/12/2022;167.72
2/12/2022;168.09
5/12/2022;169.16
6/12/2022;169.49
7/12/2022;169.9
12/12/2022;171.37
13/12/2022;171.81
14/12/2022;172.05
15/12/2022;172.39
16/12/2022;172.7
19/12/2022;173.6
20/12/2022;173.93
21/12/2022;174.28
22/12/2022;174.53
23/12/2022;174.84
26/12/2022;175.73
27/12/2022;176.05
28/12/2022;176.4
29/12/2022;176.78
30/12/2022;177.16
2/1/2023;178.15
3/1/2023;178.36
4/1/2023;178.66
5/1/2023;178.94
6/1/2023;179.25
9/1/2023;180.09
10/1/2023;180.38
11/1/2023;180.67
12/1/2023;180.97
13/1/2023;181.27
16/1/2023;182.2
17/1/2023;182.49
18/1/2023;182.81
19/1/2023;183.11
20/1/2023;183.45
23/1/2023;184.37
24/1/2023;184.69
25/1/2023;185.03
26/1/2023;185.32
27/1/2023;185.61
30/1/2023;186.56
31/1/2023;187
1/2/2023;187.29
2/2/2023;187.57
3/2/2023;188.02
6/2/2023;189.11
7/2/2023;189.52
8/2/2023;189.85
9/2/2023;190.21
10/2/2023;190.51
13/2/2023;191.65
14/2/2023;191.99
15/2/2023;192.38
16/2/2023;192.83
17/2/2023;193.19
22/2/2023;194.95
23/2/2023;195.31
24/2/2023;195.68
27/2/2023;196.81
28/2/2023;197.15
1/3/2023;197.57
2/3/2023;197.87
3/3/2023;198.28
6/3/2023;199.34
7/3/2023;199.68
8/3/2023;199.95
9/3/2023;200.36
10/3/2023;200.73
13/3/2023;201.86
14/3/2023;202.07
15/3/2023;202.56
16/3/2023;202.94
17/3/2023;203.34
20/3/2023;204.53
21/3/2023;205.02
22/3/2023;205.38
23/3/2023;205.78
27/3/2023;207.42
28/3/2023;207.84
29/3/2023;208.3
30/3/2023;208.59
31/3/2023;209.01
3/4/2023;210.37
4/4/2023;210.78
5/4/2023;211.22
10/4/2023;213.39
11/4/2023;213.76
12/4/2023;214.24
13/4/2023;214.68
14/4/2023;215.1
17/4/2023;216.38
18/4/2023;216.94
19/4/2023;217.48
20/4/2023;217.99
21/4/2023;218.53
24/4/2023;220.21
25/4/2023;220.87
26/4/2023;221.57
27/4/2023;222
28/4/2023;222.68
2/5/2023;224.65
3/5/2023;225.2
4/5/2023;225.7
5/5/2023;226.25
8/5/2023;227.65
9/5/2023;228.05
10/5/2023;228.5
11/5/2023;229
12/5/2023;229.2
15/5/2023;230.7
16/5/2023;231.1
17/5/2023;231.65
18/5/2023;232.1
19/5/2023;232.75
